card_translate,base_card,abv_langue,type_card,name_card,attribut_card,family_card,sous_family_card,nature_card,Description pendule,description
ALIN-FR000,ALIN-000,FR,monstre XYZ,Seigneurs Maître des Dragons,Ténèbres,Dragon,,effet,,"Tant que cette carte Invoquée par Xyz est dans votre Zone Monstre, votre adversaire ne peut pas la cibler avec des effets de carte, et aussi, elle ne peut pas être détruite par des effets de carte de votre adversaire. Tant que vous avez min. 25 cartes dans votre Cimetière, si cette carte attaque un monstre en Position de Défense, infligez des dommages de combat perçants doubles à votre adversaire. Une fois par tour, si votre adversaire a min. 25 cartes dans son Cimetière : vous pouvez détacher 1 Matériel de cette carte ; Invoquez Spécialement 1 monstre depuis votre Deck, Extra Deck ou Cimetière."
ALIN-EN000,ALIN-000,EN,,Dragon Master Lords,dark,Dragon,,effect,,"While this Xyz Summoned card is in your Monster Zone, your opponent cannot target it with card effects, also it cannot be destroyed by your opponent's card effects. While you have 25 or more cards in your GY, if this card attacks a Defense Position monster, inflict double piercing battle damage to your opponent. Once per turn, if your opponent has 25 or more cards in their GY: You can detach 1 material from this card; Special Summon 1 monster from your Deck, Extra Deck, or GY."
ALIN-AL000,ALIN-000,AL,,Drachenmeisterherrscher,Finsternis,Drache,,effekt,,"Solange diese als Xyz-Beschwörung beschworene Karte in deiner Monsterzone liegt, kann dein Gegner sie nicht als Ziel für Karteneffekte wählen, zusätzlich kann sie nicht durch Karteneffekte deines Gegners zerstört werden. Solange du 25 oder mehr Karten in deinem Friedhof hast, falls diese Karte ein Monster in Verteidigungsposition angreift, füge deinem Gegner doppelten durchschlagenden Kampfschaden zu. Einmal pro Spielzug, falls dein Gegner 25 oder mehr Karten in seinem Friedhof hat: Du kannst 1 Material von dieser Karte abhängen; beschwöre 1 Monster als Spezialbeschwörung von deinem Deck, Extra Deck oder Friedhof."
ALIN-ES000,ALIN-000,ES,,Señores Amo del Dragón,Oscuridad,Dragón,,efecto,,"Mientras esta carta Invocada Xyz está en tu Zona de Monstruos, tu adversario no puede seleccionarla con efectos de cartas, y además no puede ser destruida por efectos de cartas de tu adversario. Mientras tengas 25 o más cartas en tu Cementerio, si esta carta ataca a un monstruo en Posición de Defensa, inflige doble daño de batalla de penetración a tu adversario. Una vez por turno, si tu adversario tiene 25 o más cartas en su Cementerio: puedes desacoplar 1 material de esta carta; Invoca de Modo Especial 1 monstruo desde tu Deck, Deck Extra o Cementerio."
ALIN-IT000,ALIN-000,IT,,Maestri Signori dei Draghi,Oscurità,Drago,,effetto,,"Mentre questa carta Evocata Xyz è nella tua Zona Mostri, il tuo avversario non può sceglierla come bersaglio con gli effetti delle carte, inoltre essa non può essere distrutta dagli effetti delle carte del tuo avversario. Mentre hai 25 o più carte nel tuo Cimitero, se questa carta attacca un mostro in Posizione di Difesa, infliggi danno da combattimento perforante doppio al tuo avversario. Una volta per turno, se il tuo avversario ha 25 o più carte nel suo Cimitero: puoi staccare 1 materiale da questa carta; Evoca Specialmente 1 mostro dal tuo Deck, Extra Deck o Cimitero."
ALIN-PT000,ALIN-000,PT,,Senhores Mestres dos Dragões,,,,,,"Enquanto este card Invocado por Invocação-Xyz estiver na sua Zona de Monstros, seu oponente não pode escolhê-lo como alvo de efeitos de card e, além disso, ele não pode ser destruído pelos efeitos de card do seu oponente. Enquanto você tiver 25 ou mais cards no seu Cemitério, se este card atacar um monstro em Posição de Defesa, cause o dobro de dano de batalha perfurante ao seu oponente. Uma vez por turno, se o seu oponente tiver 25 ou mais cards no Cemitério dele: você pode desassociar 1 matéria deste card; Invoque por Invocação-Especial 1 monstro do seu Deck, Deck Adicional ou Cemitério."
ALIN-FR001,ALIN-001,FR,monstre à effet,Sorcier @Ignister,Ténèbres,Cyberse,,effet,,"Si vous contrôlez un monstre Cyberse qui a été Invoqué Spécialement depuis l'Extra Deck : vous pouvez cibler 1 monstre TÉNÈBRES Cyberse dans votre Cimetière ; Invoquez Spécialement cette carte dans votre main ainsi que le monstre en Position de Défense, et aussi, vous ne pouvez pas Invoquer Spécialement (monstres Cyberse exclus) le reste de ce tour. Vous pouvez bannir cette carte depuis votre Terrain ou Cimetière, puis ciblez 1 monstre contrôlé par votre adversaire ; changez sa position de combat. Vous ne pouvez utiliser chaque effet de ""Sorcier @Ignister"" qu'une fois par tour."
ALIN-FR002,ALIN-002,FR,monstre à effet,Sauvegarde @Ignister,Ténèbres,Cyberse,,effet,,"Si vous contrôlez un monstre Cyberse qui a été Invoqué Spécialement depuis l'Extra Deck : vous pouvez Invoquer Spécialement cette carte depuis votre main. Si cette carte est Invoquée Normalement ou Spécialement : vous pouvez ajouter 1 monstre TÉNÈBRES Cyberse (""Sauvegarde @Ignister"" exclu) depuis votre Deck à votre main, puis défaussez 1 carte. Vous ne pouvez utiliser chaque effet de ""Sauvegarde @Ignister"" qu'une fois par tour."
ALIN-FR003,ALIN-003,FR,monstre à effet,Kurikurinku @Ignister,Ténèbres,Cyberse,,effet,,"Si cette carte est dans votre main ou Cimetière (Effet Rapide) : vous pouvez Sacrifier 1 monstre ""@Ignister"" ; Invoquez Spécialement cette carte, mais bannissez-la lorsqu'elle quitte le Terrain. Lorsqu'une carte ou un effet qui cible un ou plusieurs monstres Cyberse que vous contrôlez est activé, et que vous contrôlez un monstre Cyberse qui a été Invoqué Spécialement depuis l'Extra Deck (Effet Rapide) : vous pouvez Sacrifier cette carte ; annulez l'effet. Vous ne pouvez utiliser chaque effet de ""Kurikurinku @Ignister"" qu'une fois par tour."
ALIN-FR004,ALIN-004,FR,monstre à effet,Magicienne des Ténèbres l'Apprentie du Magicien,Ténèbres,Magicien,,effet,,"Vous pouvez Invoquer Spécialement cette carte (depuis votre main) en défaussant 1 carte, et si vous le faites, le nom de cette carte devient ""Magicienne des Ténèbres"". Vous ne pouvez Invoquer Spécialement ""Magicienne des Ténèbres l'Apprentie du Magicien"" qu'une fois par tour de cette façon. Si cette carte est Invoquée Normalement ou Spécialement : vous pouvez ajouter 1 ""Sarcophage Brillant"" depuis votre Deck à votre main. Vous ne pouvez utiliser cet effet de ""Magicienne des Ténèbres l'Apprentie du Magicien"" qu'une fois par tour. Gagne 300 ATK pour chaque monstre qui mentionne ""Sarcophage Brillant"" dans les Cimetières."
ALIN-FR005,ALIN-005,FR,monstre à effet,"Griffes Perfides, HÉROS du Mal",Ténèbres,Démon,,effet,,"Vous pouvez cibler 1 monstre ""HÉROS"" sur le Terrain ; Invoquez Spécialement cette carte depuis votre main en Position de Défense, et si vous le faites, le monstre gagne 300 ATK. Vous ne pouvez utiliser cet effet de ""Griffes Perfides, HÉROS du Mal"" qu'une fois par tour. Si un ou plusieurs monstres que vous contrôlez sont détruits au combat ou par un effet de carte, tant que cette carte est dans votre Cimetière : vous pouvez Invoquer Spécialement cette carte, puis si vous avez un monstre qui mentionne ""Fusion des Ténèbres"" dans votre Cimetière, vous pouvez détruire 1 carte sur le Terrain. Vous ne pouvez utiliser cet effet de ""Griffes Perfides, HÉROS du Mal"" qu'une fois par Duel."
ALIN-FR006,ALIN-006,FR,monstre à effet,Alpha Leonis la Bête Féerique,Lumière,Bête,,effet,,"Si cette carte est Invoquée Normalement ou Spécialement : vous pouvez ajouter 1 Magie/Piège qui mentionne ""Ancien Dragon Féerique"" depuis votre Deck à votre main. Durant votre Main Phase : vous pouvez Invoquer Spécialement 1 monstre LUMIÈRE de max. Niveau 4 (Bête, Plante ou Elfe) depuis votre main en Position de Défense. Vous pouvez bannir cette carte depuis votre Cimetière, puis ciblez 1 Magie de Terrain dans votre Cimetière ; placez-la au-dessous du Deck, puis piochez 1 carte. Vous ne pouvez utiliser chaque effet de ""Alpha Leonis la Bête Féerique"" qu'une fois par tour."
ALIN-FR007,ALIN-007,FR,monstre à effet,Spore la Graine Féerique,Lumière,Plante,,effet,,"Si cette carte est Invoquée Spécialement : vous pouvez compter le nombre de monstres que vous contrôlez, et faites gagner à cette carte max. autant de Niveaux. Si vous contrôlez ""Ancien Dragon Féerique"" ou un monstre LUMIÈRE (Bête, Plante ou Elfe), et que cette carte est dans votre Cimetière : vous pouvez Invoquer Spécialement cette carte, et aussi, vous ne pouvez pas Invoquer Spécialement (Monstres Synchro exclus) depuis l'Extra Deck le reste de ce tour. Vous ne pouvez utiliser cet effet de ""Spore la Graine Féerique"" qu'une fois par tour."
ALIN-FR008,ALIN-008,FR,monstre à effet,Kuribon l'Esprit Féerique,Lumière,Elfe,,effet,,"Si vous contrôlez ""Ancien Dragon Féerique"" ou un monstre LUMIÈRE (Bête, Plante ou Elfe) : vous pouvez Invoquer Spécialement cette carte depuis votre main, et si vous le faites, elle est traitée comme Syntoniseur. Si une ou plusieurs autres cartes que vous contrôlez, qui sont ""Ancien Dragon Féerique"" ou un ou plusieurs monstres qui le mentionnent, vont être détruites par un effet de carte, vous pouvez renvoyer cette carte que vous contrôlez à la main à la place. Vous ne pouvez utiliser chaque effet de ""Kuribon l'Esprit Féerique"" qu'une fois par tour."
ALIN-FR009,ALIN-009,FR,monstre à effet,"Griffon, Bête Héraldique",Vent,Bête Ailée,,effet,,"Vous pouvez envoyer 1 monstre ""Bête Héraldique"" (""Griffon, Bête Héraldique"" exclu) depuis votre Deck au Cimetière ; Invoquez Spécialement cette carte depuis votre main, et aussi, vous ne pouvez pas Invoquer Spécialement depuis l'Extra Deck le reste de ce tour, sauf par Invocation Xyz qui utilise uniquement des monstres avec ""Bête Héraldique"" ou ""Numéro"" dans leur nom d'origine comme Matériel. Peut être traitée comme 2 Matériels pour l'Invocation Xyz d'un Monstre Xyz ""Numéro"" qui nécessite min. 3 Matériels. Vous ne pouvez utiliser chaque effet de ""Griffon, Bête Héraldique"" qu'une fois par tour."
ALIN-FR010,ALIN-010,FR,monstre à effet,"Baleine Stad, Bête Héraldique",Eau,Poisson,,effet,,"Si cette carte est Invoquée Normalement ou Spécialement : vous pouvez défausser 1 carte ; ajoutez 2 Magies/Pièges ""Héraldique"" depuis votre Deck à votre main. Vous pouvez bannir cette carte depuis votre Cimetière, puis ciblez 2 monstres ""Bête Héraldique"" dans votre Cimetière du même nom ; Invoquez-les Spécialement en Position de Défense, et aussi, vous ne pouvez pas Invoquer Spécialement depuis l'Extra Deck le reste de ce tour, sauf par Invocation Xyz qui utilise uniquement des monstres avec ""Bête Héraldique"" ou ""Numéro"" dans leur nom d'origine comme Matériel. Vous ne pouvez utiliser chaque effet de ""Baleine Stad, Bête Héraldique"" qu'une fois par tour."
ALIN-FR011,ALIN-011,FR,monstre à effet,Diabellstar la Vengeresse,Ténèbres,Démon,,effet,,"(Cette carte est toujours traitée comme carte ""Butin du Péché"".) Vous pouvez bannir 1 Magie et 1 Piège depuis votre main et/ou Cimetière ; Invoquez Spécialement cette carte depuis votre main ou Cimetière. (Effet Rapide) : vous pouvez payer la moitié de vos LP, puis ciblez 1 carte contrôlée par votre adversaire ; détruisez-la, puis si une autre Carte Monstre ""Diabell"" est sur le Terrain, vous pouvez Invoquer Spécialement 1 Monstre Synchro Syntoniseur (Illusion ou Magicien) depuis votre Extra Deck. Vous ne pouvez utiliser chaque effet de ""Diabellstar la Vengeresse"" qu'une fois par tour."
ALIN-FR012,ALIN-012,FR,monstre à effet,Diabellze la Sorcière Blanche,Lumière,Illusion,,effet,,"(Cette carte est toujours traitée comme carte ""Forêt Blanche"".) Les monstres que vous contrôlez ne peuvent pas être détruits par des effets de carte de votre adversaire, tant que vous contrôlez min. 2 monstres ""Diabell"". Vous ne pouvez utiliser chacun des effets suivants de ""Diabellze la Sorcière Blanche"" qu'une fois par tour. Vous pouvez envoyer 1 Magie/Piège depuis votre main ou Terrain au Cimetière ; Invoquez Spécialement cette carte depuis votre main. Si cette carte est Invoquée Normalement ou Spécialement : vous pouvez envoyer 1 carte ""Butin du Péché"" ou ""Diabell"" depuis votre Deck au Cimetière."
ALIN-FR013,ALIN-013,FR,monstre à effet,Guerrier de la Regenèse,Feu,Guerrier,,effet,,"Si un monstre avec 2500 ATK ou DEF d'origine est sur le Terrain, vous pouvez Invoquer Spécialement cette carte (depuis votre main). Vous ne pouvez Invoquer Spécialement ""Guerrier de la Regenèse"" qu'une fois par tour de cette façon. Vous ne pouvez utiliser chacun des effets suivants de ""Guerrier de la Regenèse"" qu'une fois par tour. (Effet Rapide) : vous pouvez Sacrifier cette carte, puis ciblez 1 monstre contrôlé par votre adversaire ; renvoyez-le à la main. Durant la End Phase de votre adversaire, si cette carte est dans le Cimetière parce qu'elle y a été envoyée ce tour : vous pouvez ajouter cette carte à votre main."
ALIN-FR014,ALIN-014,FR,monstre à effet,Sage de la Regenèse,Eau,Magicien,,effet,,"Si un monstre avec 2500 ATK ou DEF d'origine est sur le Terrain, vous pouvez Invoquer Spécialement cette carte (depuis votre main). Vous ne pouvez Invoquer Spécialement ""Sage de la Regenèse"" qu'une fois par tour de cette façon. Vous ne pouvez utiliser chacun des effets suivants de ""Sage de la Regenèse"" qu'une fois par tour. Lorsque votre adversaire active une carte ou un effet (Effet Rapide) : vous pouvez envoyer 1 autre carte ""Regenèse"" depuis votre main ou Terrain face recto au Cimetière ; annulez l'activation, et si vous le faites, détruisez la carte. Durant la End Phase de votre adversaire, si cette carte est dans le Cimetière parce qu'elle y a été envoyée ce tour : vous pouvez ajouter cette carte à votre main."
ALIN-FR015,ALIN-015,FR,monstre à effet,Dragon de la Regenèse,Vent,Dragon,,effet,,"Si un monstre avec 2500 ATK ou DEF d'origine est sur le Terrain, vous pouvez Invoquer Spécialement cette carte (depuis votre main). Vous ne pouvez Invoquer Spécialement ""Dragon de la Regenèse"" qu'une fois par tour de cette façon. Vous ne pouvez utiliser chacun des effets suivants de ""Dragon de la Regenèse"" qu'une fois par tour. (Effet Rapide) : vous pouvez Sacrifier cette carte, puis ciblez 1 Magie/Piège contrôlé par votre adversaire ; bannissez-le. Durant la End Phase de votre adversaire, si cette carte est dans le Cimetière parce qu'elle y a été envoyée ce tour : vous pouvez ajouter cette carte à votre main."
ALIN-FR016,ALIN-016,FR,monstre à effet,Archdémon de la Regenèse,Terre,Démon,,effet,,"Vous pouvez Invoquer Spécialement cette carte (depuis votre main) en révélant un autre monstre avec 2500 ATK ou DEF dans votre main. Vous ne pouvez Invoquer Spécialement ""Archdémon de la Regenèse"" qu'une fois par tour de cette façon. Vous ne pouvez utiliser chacun des effets suivants de ""Archdémon de la Regenèse"" qu'une fois par tour. Si cette carte est Invoquée Normalement ou Spécialement : vous pouvez ajouter 1 carte ""Regenèse"" (""Archdémon de la Regenèse"" exclu) depuis votre Deck ou bannissement à votre main. Durant la End Phase de votre adversaire, si cette carte est dans le Cimetière parce qu'elle y a été envoyée ce tour : vous pouvez ajouter cette carte à votre main."
ALIN-FR017,ALIN-017,FR,monstre à effet,Seigneur de la Regenèse,Lumière,Illusion,,effet,,"Ni Invocable Normalement ni Posable Normalement. Uniquement Invocable Spécialement (depuis votre main) en bannissant 1 monstre face recto que vous contrôlez avec 2500 ATK/DEF d'origine. Vous ne pouvez Invoquer Spécialement ""Seigneur de la Regenèse"" qu'une fois par tour de cette façon. Si cette carte est Invoquée Spécialement : vous pouvez Poser 1 Magie/Piège ""Regenèse"" depuis votre Deck. Gagne 2500 ATK durant la Battle Phase uniquement. Si cette carte attaque un monstre en Position de Défense, infligez des dommages de combat perçants à votre adversaire."
ALIN-FR018,ALIN-018,FR,monstre à effet,"Spectral, Maître Dragon des Lueurs",Lumière,Dragon,,effet,,"Vous pouvez défausser cette carte et 1 monstre Dragon ou LUMIÈRE ; ajoutez 2 monstres ""Maître Dragon"" (""Spectral, Maître Dragon des Lueurs"" exclu) depuis votre Deck à votre main. Vous pouvez bannir cette carte et 1 monstre Dragon ou LUMIÈRE depuis votre Cimetière, puis ciblez 1 ""Chasma, Maître Dragon des Aurores"" dans votre Cimetière ; Invoquez-le Spécialement. Vous ne pouvez utiliser qu'1 effet de ""Spectral, Maître Dragon des Lueurs"" par tour, et uniquement une fois le tour."
ALIN-FR019,ALIN-019,FR,monstre à effet,"Nebulus, Maître Dragon des Mésaventures",Ténèbres,Dragon,,effet,,"Vous pouvez défausser cette carte et 1 monstre Dragon ou TÉNÈBRES, puis ciblez 2 de vos monstres ""Maître Dragon"" bannis d'Attributs différents (""Nebulus, Maître Dragon des Mésaventures"" exclu) ; Invoquez-les Spécialement, mais ils ne peuvent pas attaquer ce tour. Vous pouvez bannir cette carte et 1 monstre Dragon ou TÉNÈBRES depuis votre Cimetière, puis ciblez 1 ""Eclipse, Maître Dragon des Catastrophes"" dans votre Cimetière ; Invoquez-le Spécialement. Vous ne pouvez utiliser qu'1 effet de ""Nebulus, Maître Dragon des Mésaventures"" par tour, et uniquement une fois le tour."
ALIN-FR020,ALIN-020,FR,monstre à effet,Argostars - Féroce Parthe,Terre,Guerrier,,effet,,"Gagne 700 ATK/DEF pour chaque monstre ""Argostars"" de nom différent que vous contrôlez (cette carte exclue). Vous ne pouvez utiliser chacun des effets suivants de ""Argostars - Féroce Parthe"" qu'une fois par tour. (Effet Rapide) : vous pouvez révéler cette carte dans votre main ; renvoyez 1 Piège Continu ""Argostars"" que vous contrôlez à la main, et si vous le faites, Invoquez Spécialement cette carte. Vous pouvez bannir cette carte que vous contrôlez ; Posez 1 Piège Continu depuis votre main. Il peut être activé ce tour."
ALIN-FR021,ALIN-021,FR,Monstre Normal Pendule,Matériacteur Prima,Lumière,Dragon,,normal/Pendule,"Les Monstres Xyz que vous contrôlez gagnent 100 ATK pour chaque Matériel Xyz sur le Terrain. Vous pouvez cibler 1 Monstre Xyz ""Matériacteur"" que vous contrôlez ; attachez-lui cette carte comme Matériel, puis piochez 1 carte. Vous ne pouvez utiliser cet effet de ""Matériacteur Prima"" qu'une fois par tour.","Une forme de vie extraterrestre venue de cieux lointains. Nombreux sont les chercheurs qui ont tenté de déterminer sa véritable identité, mais sa luminosité et les miasmes émis ont entouré son existence de mystère, rendant extrêmement difficile d'en percevoir toute son étendue. Cependant, un certain nombre de nouvelles espèces ont été récemment découvertes par des chercheurs prometteurs, et il semble que l'on découvre finalement toute l'ampleur de l'existence de ces espèces."
ALIN-FR022,ALIN-022,FR,monstre à effet,Étoile Ryzéal,Lumière,Pyro,,effet,,"Vous pouvez Invoquer Spécialement cette carte (depuis votre main) en détachant 1 Matériel d'un monstre que vous contrôlez. Si elle est Invoquée de cette façon, vous ne pouvez pas Invoquer Spécialement (Monstres Xyz de Rang 4 exclus) depuis l'Extra Deck le reste de ce tour. Vous ne pouvez Invoquer Spécialement ""Étoile Ryzéal"" qu'une fois par tour de cette façon. Si cette carte est Invoquée Spécialement : vous pouvez Poser 1 Magie/Piège ""Ryzéal"" depuis votre Deck. Vous ne pouvez utiliser cet effet de ""Étoile Ryzéal"" qu'une fois par tour."
ALIN-FR023,ALIN-023,FR,monstre à effet,Maliss <P> Lièvre de Mars,Ténèbres,Cyberse,,effet,,"Votre adversaire ne peut pas cibler de Monstres Lien ""Maliss"" qui pointent cette carte avec des effets de carte. Vous ne pouvez utiliser chacun des effets suivants de ""Maliss <P> Lièvre de Mars"" qu'une fois par tour. Durant la Main Phase, si cette carte est dans votre main (Effet Rapide) : vous pouvez bannir 1 autre carte ""Maliss"" depuis votre main ou Cimetière, et si vous le faites, Invoquez Spécialement cette carte. Si cette carte est bannie : vous pouvez payer 300 LP, puis ciblez 1 de vos monstres ""Maliss"" bannis ; ajoutez-le à votre main."
ALIN-FR024,ALIN-024,FR,monstre à effet,Tensei Ryu-Ge Anva,Ténèbres,Dragon,,effet,"Vous ne pouvez pas Invoquer par Pendulation (monstres ""Ryu-Ge"" exclus) (cet effet ne peut pas être annulé). Vous pouvez annuler la carte ou effet activé de votre adversaire en réponse à l'activation de votre Carte Magie ou effet de Magie ""Ryu-Ge"", puis détruisez cette carte. Vous ne pouvez utiliser cet effet de ""Tensei Ryu-Ge Anva"" qu'une fois par tour.","Vous pouvez Sacrifier 1 monstre ""Ryu-Ge"" (""Tensei Ryu-Ge Anva"" exclu) depuis votre main ou Terrain ; Invoquez Spécialement cette carte depuis votre main. Si cette carte est Invoquée Spécialement : vous pouvez cibler 1 carte sur le Terrain ; détruisez-la. Si cette carte est détruite : vous pouvez placer face recto 1 Magie Continue/Piège Continu ""Ryu-Ge"" depuis votre Deck, Cimetière ou bannissement sur votre Terrain. Vous ne pouvez utiliser chaque effet de ""Tensei Ryu-Ge Anva"" qu'une fois par tour."
ALIN-FR025,ALIN-025,FR,monstre à effet,Dragon de Griffes Métalliques aux Yeux Rouges,Ténèbres,Dragon,,effet,,"Vous pouvez activer les Pièges ""Métalmorphe"" le tour où ils ont été Posés. Vous ne pouvez utiliser chacun des effets suivants de ""Dragon de Griffes Métalliques aux Yeux Rouges"" qu'une fois par tour. Vous pouvez envoyer 1 carte face verso que vous contrôlez au Cimetière ; Invoquez Spécialement cette carte depuis votre main. Si cette carte est Invoquée Normalement ou Spécialement, et que vous avez ""Métalmorphe Max"" dans votre Terrain ou Cimetière : vous pouvez ajouter 1 Piège ""Métalmorphe"" depuis votre Deck ou Cimetière à votre main."
ALIN-FR026,ALIN-026,FR,monstre à effet,Cyber Jörmungandr,Lumière,Machine,,effet,,"Ni Invocable Normalement ni Posable Normalement. Uniquement Invocable Spécialement par un effet de carte. Si votre adversaire contrôle un monstre : vous pouvez Invoquer Spécialement cette carte depuis votre main, puis prenez 1 ""Cyber Dragon"" depuis votre Deck, et soit Invoquez-le Spécialement soit équipez-le à cette carte comme Magie d'Équipement, et aussi, vous ne pouvez pas Invoquer Spécialement (monstres Machine exclus) le reste de ce tour. Vous pouvez renvoyer 1 ""Cyber Dragon"" que vous contrôlez à la main ; ajoutez 1 ""Polymérisation"" depuis votre Deck ou Cimetière à votre main. Vous ne pouvez utiliser chaque effet de ""Cyber Jörmungandr"" qu'une fois par tour."
ALIN-FR027,ALIN-027,FR,monstre à effet,Wurm Cyberténébreux,Ténèbres,Machine,,effet,,"Le nom de cette carte devient ""Cyber Dragon"" tant qu'elle est sur le Terrain ou dans le Cimetière. Si cette carte est dans votre main ou Cimetière, et que vous avez un autre monstre ""Cyber"" Machine dans votre Terrain ou Cimetière : vous pouvez envoyer 1 monstre ""Cyber Dragon"" depuis votre main ou Deck au Cimetière ; Invoquez Spécialement cette carte, puis vous pouvez ajouter 1 Magie/Piège ""Cyber"" depuis votre Cimetière à votre main. Vous ne pouvez utiliser cet effet de ""Wurm Cyberténébreux"" qu'une fois par Duel."
ALIN-FR028,ALIN-028,FR,monstre à effet,Live☆Jumelle Lil-la Sucreries,Ténèbres,Magicien,,effet,,"Lorsque votre adversaire active une carte ou un effet en réponse à l'activation de votre carte ou effet ""Live☆Jumelle"" (Effet Rapide) : vous pouvez défausser cette carte ; annulez l'effet de l'adversaire. Si vous contrôlez un monstre ""Ki-sikil"" et que cette carte est dans votre Cimetière : vous pouvez Invoquer Spécialement cette carte, mais tant qu'elle est face recto dans la Zone Monstre, vous ne pouvez pas Invoquer Spécialement (monstres Démon exclus) depuis l'Extra Deck. Vous ne pouvez utiliser chaque effet de ""Live☆Jumelle Lil-la Sucreries"" qu'une fois par tour."
ALIN-FR029,ALIN-029,FR,monstre à effet,Crâne Serviteur Moissa,Ténèbres,Zombie,,effet,,"Le nom de cette carte devient ""Crâne Serviteur"" tant qu'elle est dans le Cimetière. Si cette carte est Invoquée Normalement ou Spécialement : vous pouvez ajouter 1 ""Crâne Serviteur"" ou 1 carte qui le mentionne (""Crâne Serviteur Moissa"" exclu) depuis votre Deck à votre main, et aussi, vous ne pouvez pas Invoquer Spécialement (monstres Zombie exclus) le reste de ce tour. Vous ne pouvez utiliser cet effet de ""Crâne Serviteur Moissa"" qu'une fois par tour. Durant votre Main Phase, vous pouvez Invoquer Normalement 1 monstre Zombie de max. Niveau 4 en plus de votre Invocation/Pose Normale. (Vous ne pouvez gagner cet effet qu'une fois par tour.)"
ALIN-FR030,ALIN-030,FR,monstre à effet,NT8000 - SIRIUS,Ténèbres,Machine,,effet,,"Cette carte liée ne peut pas être détruite au combat. Vous ne pouvez utiliser chacun des effets suivants de ""NT8000 - SIRIUS"" qu'une fois par tour. Durant le tour où un effet de Monstre Lien a été activé (Effet Rapide) : vous pouvez cibler 1 carte face recto que vous contrôlez et 1 carte face recto contrôlée par votre adversaire ; détruisez-les toutes les deux. Si cette carte est envoyée au Cimetière, sauf depuis le Terrain, et que vous contrôlez un Monstre Lien TÉNÈBRES : vous pouvez Invoquer Spécialement cette carte, mais bannissez-la lorsqu'elle quitte le Terrain."
ALIN-FR031,ALIN-031,FR,monstre à effet,Dragon-Serpent Nocturne Malfaisant,Ténèbres,Dragon,,effet,,"Vous pouvez Sacrifier 1 monstre TÉNÈBRES depuis votre main ou Terrain ; Invoquez Spécialement cette carte depuis votre main. Vous ne pouvez utiliser cet effet de ""Dragon-Serpent Nocturne Malfaisant"" qu'une fois par tour. Lorsque cette carte est détruite au combat : vous pouvez cibler 1 monstre contrôlé par votre adversaire ; envoyez-le au Cimetière, puis vous pouvez Invoquer Spécialement cette carte."
ALIN-FR032,ALIN-032,FR,monstre à effet,Pégase aux Ailes de Feu Cramoisies,Feu,Bête,,effet,,"Si votre adversaire contrôle plus de monstres que vous, vous pouvez Invoquer Spécialement cette carte (depuis votre main), et si vous le faites, elle peut attaquer directement ce tour. Vous ne pouvez Invoquer Spécialement ""Pégase aux Ailes de Feu Cramoisies"" qu'une fois par tour de cette façon. Lorsque votre adversaire active un effet de monstre sur le Terrain (Effet Rapide) : vous pouvez infliger des dommages à votre adversaire égaux au nombre du Maillon de la Chaîne de cet effet x 300, et aussi, cette carte ne peut pas être détruite par les effets activés avant celui-ci dans cette Chaîne. Vous ne pouvez utiliser cet effet de ""Pégase aux Ailes de Feu Cramoisies"" qu'une fois par tour."
ALIN-FR033,ALIN-033,FR,monstre à effet,Contrôleur Cérébral,Ténèbres,Psychique,Syntoniseur,effet,,"Si cette carte est Invoquée Normalement ou Spécialement : vous pouvez ajouter 1 ""Contrôle Cérébral"" depuis votre Deck à votre main. Si vous payez des LP (sauf durant la Damage Step) : vous pouvez cibler 1 monstre face recto sur le Terrain, et déclarez un Niveau de 1 à 8 ; le monstre devient ce Niveau. Si cette carte est envoyée au Cimetière comme Matériel Synchro : vous pouvez Invoquer Spécialement cette carte sur le Terrain de votre adversaire en Position de Défense, mais annulez ses effets. Vous ne pouvez utiliser chaque effet de ""Contrôleur Cérébral"" qu'une fois par tour."
ALIN-FR034,ALIN-034,FR,monstre à effet,Place Détonante,Ténèbres,Magicien,,effet,,"Une fois par Chaîne (Effet Rapide) : vous pouvez payer 600 LP, puis activez 1 de ces effets ; ●Si vous contrôlez 6 monstres de Niveaux différents (1, 2, 3, 4, 5 et 6) : choisissez 1 monstre face recto contrôlé par votre adversaire avec un Niveau, et détruisez tous les autres monstres contrôlés par votre adversaire du même Niveau/Rang/Classification Lien que le monstre. ●Choisissez 1 monstre face recto que vous contrôlez avec un Niveau, et détruisez tous les monstres de votre adversaire dans la même colonne du même Niveau/Rang/Classification Lien que le monstre."
ALIN-FR035,ALIN-035,FR,Monstre Fusion,Azamina,Lumière,Illusion,,effet,,"Doit d'abord être soit Invoquée par Fusion, soit Invoquée Spécialement (depuis votre Extra Deck) en Sacrifiant 1 ""Sainte Azamina"" que vous contrôlez et 1 monstre face recto contrôlé par votre adversaire. Non destructible par des effets de carte. Chaque fois que votre adversaire active une carte ou un effet, tous les monstres qu'il contrôle perdent 500 ATK lorsqu'il est résolu. Votre adversaire ne peut pas activer les effets des monstres avec 0 ATK."
ALIN-FR036,ALIN-036,FR,Monstre Fusion,Ange Banni de la Terre d'Or,Ténèbres,Zombie,,effet,,"""Surnaliche le Seigneur d'Or"" + 1 monstre Zombie Uniquement soit Invocable par Fusion soit Invocable Spécialement (depuis votre Extra Deck) en Sacrifiant 1 monstre LUMIÈRE Zombie, tant que vous avez ""Surnaliche le Seigneur d'Or"" dans votre Terrain ou Cimetière. Vous ne pouvez Invoquer Spécialement ""Ange Banni de la Terre d'Or"" qu'une fois par tour de cette façon, peu importe la méthode que vous utilisez. Si cette carte est envoyée depuis le Terrain au Cimetière : vous pouvez Invoquer Spécialement 1 monstre ""Surnaliche"" depuis votre Deck, Extra Deck ou Cimetière. Vous ne pouvez utiliser cet effet de ""Ange Banni de la Terre d'Or"" qu'une fois par tour."
ALIN-FR037,ALIN-037,FR,Monstre Fusion,Filia Regis,Ténèbres,Dragon,,effet,,"1 Monstre Fusion Dragon + 1 monstre Dragon de min. Niveau 7 Durant la Main Phase (Effet Rapide) : vous pouvez cibler 1 carte contrôlée par votre adversaire ou dans son Cimetière ; bannissez-la, puis si vous avez banni une carte sur le Terrain, renvoyez 1 monstre Dragon que vous contrôlez à la main. Au début de la Battle Phase de votre adversaire, si cette carte est dans votre Cimetière : vous pouvez renvoyer 1 monstre Dragon que vous contrôlez à la main ou Extra Deck, et si vous le faites, Invoquez Spécialement cette carte. Vous ne pouvez utiliser chaque effet de ""Filia Regis"" qu'une fois par tour."
ALIN-FR038,ALIN-038,FR,Monstre Synchronique,Dragon Sabre Pare-Feu,Ténèbres,Cyberse,,effet,,"1 Syntoniseur + 1+ monstre non-Syntoniseur Si cette carte est Invoquée par Synchronisation : vous pouvez cibler 1 monstre Cyberse dans votre Cimetière ou bannissement ; ajoutez-le à votre main. Vous pouvez cibler 1 autre monstre Cyberse que vous contrôlez avec un Niveau ; le Niveau de cette carte devient celui du monstre. Si cette carte est envoyée au Cimetière comme Matériel Lien : vous pouvez ajouter 1 Magie ""A.I."" depuis votre Deck à votre main. Vous ne pouvez utiliser chaque effet de ""Dragon Sabre Pare-Feu"" qu'une fois par tour."
ALIN-FR039,ALIN-039,FR,Monstre Synchronique,Ancien Dragon de la Vie Féerique,Lumière,Dragon,,effet,,"1 Syntoniseur + 1+ monstre non-Syntoniseur Si cette carte est Invoquée par Synchronisation : vous pouvez piocher 1 carte, ou si ""Monde des Esprits"" est sur le Terrain, ajoutez 1 monstre LUMIÈRE (Bête, Plante ou Elfe) ou 1 ""Ensoleillement Éternel"" depuis votre Deck à votre main à la place. Vous ne pouvez utiliser cet effet de ""Ancien Dragon de la Vie Féerique"" qu'une fois par tour. Votre ""Ancien Dragon Féerique"" et les monstres qui le mentionnent peuvent attaquer tant qu'ils sont en Position de Défense face recto (appliquez leur DEF pour le calcul des dommages)."
ALIN-FR040,ALIN-040,FR,Monstre Synchronique,Dragon Vengeur de l'Œil de Serpent,Feu,Dragon,,effet,,"1 Syntoniseur + 1+ monstre non-Syntoniseur Durant la Main Phase (Effet Rapide) : vous pouvez cibler 1 monstre face recto sur le Terrain ou dans l'un des Cimetières ; placez-le face recto dans la Zone Magie & Piège de son propriétaire comme Magie Continue, et aussi, cette carte ne peut pas utiliser cet effet le prochain tour. Durant la Battle Phase (Effet Rapide) : vous pouvez cibler 1 monstre et 1 Magie Continue sur le Terrain ; détruisez-les. Vous ne pouvez utiliser chaque effet de ""Dragon Vengeur de l'Œil de Serpent"" qu'une fois par tour."
ALIN-FR041,ALIN-041,FR,Monstre Synchronique,Peuplier de la Forêt Blanche,Lumière,Illusion,,effet,,"1 Syntoniseur + 1+ monstre non-Syntoniseur Si cette carte est Invoquée Spécialement : vous pouvez cibler 2 monstres ""Forêt Blanche"" dans votre Cimetière ; placez-les face recto dans les Zones Magie & Piège de leur propriétaire comme Magies Continues. Durant la Main Phase de votre adversaire, vous pouvez (Effet Rapide) : immédiatement après la résolution de cet effet, Invoquez par Synchronisation en utilisant cette carte que vous contrôlez. Vous ne pouvez utiliser chaque effet de ""Peuplier de la Forêt Blanche"" qu'une fois par tour."
ALIN-FR042,ALIN-042,FR,Monstre Synchronique,Seigneur Légendaire des Six Samouraïs - Kizan,Terre,Guerrier,,effet,,"1 Syntoniseur + 1+ monstre non-Syntoniseur Durant la Battle Phase uniquement, les monstres ""Six Samouraïs"" que vous contrôlez gagnent 600 ATK/DEF. Vous ne pouvez utiliser chacun des effets suivants de ""Seigneur Légendaire des Six Samouraïs - Kizan"" qu'une fois par tour. Durant la Main Phase de votre adversaire (Effet Rapide) : vous pouvez bannir 1 carte ""Rafale Six"" depuis votre Cimetière, puis ciblez 1 carte sur le Terrain ; détruisez-la. Si vous contrôlez min. 2 monstres ""Six Samouraïs"" : vous pouvez Invoquer Spécialement cette carte depuis le Cimetière."
ALIN-FR043,ALIN-043,FR,Monstre Synchronique,"Juraishin, le Dieu du Tonnerre Maudit",Terre,Psychique,,effet,,"1 Syntoniseur + 1+ monstre non-Syntoniseur Chaque fois que votre adversaire active une carte ou un effet, gagnez 300 LP lorsqu'il est résolu. Durant le tour de votre adversaire (Effet Rapide) : vous pouvez payer 1500 LP, et Sacrifiez cette carte, puis activez 1 de ces effets ; ●Détruisez tous les monstres face recto contrôlés par votre adversaire. ●Détruisez toutes les Magies et tous les Pièges face recto contrôlés par votre adversaire. Vous ne pouvez utiliser cet effet de ""Juraishin, le Dieu du Tonnerre Maudit"" qu'une fois par tour."
ALIN-FR044,ALIN-044,FR,Monstre XYZ,Codeur Igniteur,Ténèbres,Cyberse,,effet,,"2 monstres de Niveau 4 Si cette carte est Invoquée par Xyz : vous pouvez ajouter 1 Monstre Rituel Cyberse depuis votre Deck à votre main. Vous pouvez détacher 1 Matériel de cette carte ; Invoquez Rituellement 1 Monstre Rituel depuis votre main, en Sacrifiant des monstres depuis votre main ou Terrain dont le Niveau total est supérieur ou égal à son Niveau. Si cette carte est envoyée au Cimetière comme Matériel Lien : vous pouvez ajouter 1 Piège ""A.I."" depuis votre Deck à votre main. Vous ne pouvez utiliser chaque effet de ""Codeur Igniteur"" qu'une fois par tour."
ALIN-FR045,ALIN-045,FR,Monstre XYZ,Numéro 69 : Emblème Héraldique - Flot Destructeur,Lumière,Psychique,,effet,,"4 monstres de Niveau 4 Vous pouvez aussi Invoquer par Xyz cette carte en utilisant un monstre que vous contrôlez dont le nom d'origine est ""Numéro 69 : Emblème Héraldique"". (Transférez ses Matériels à cette carte.) Lorsque votre adversaire active un effet de monstre sur le Terrain, ou qu'un monstre de l'adversaire déclare une attaque (Effet Rapide) : vous pouvez Invoquer Spécialement 1 ""Numéro 69 : Emblème Héraldique - Démolition de Matière Noire"" en utilisant cette carte face recto que vous contrôlez comme Matériel depuis votre Extra Deck, puis détruisez le monstre de l'adversaire. (Ceci est traité comme Invocation Xyz. Transférez les Matériels de cette carte.) Vous ne pouvez utiliser cet effet de ""Numéro 69 : Emblème Héraldique - Flot Destructeur"" qu'une fois par tour."
ALIN-FR046,ALIN-046,FR,Monstre XYZ,Numéro 69 : Emblème Héraldique - Démolition de Matière Noire,Lumière,Psychique,,effet,,"5 monstres de Niveau 4 Non destructible ni au combat ni par des effets de carte. Une fois par tour (Effet Rapide) : vous pouvez détacher 1 Matériel de cette carte, puis ciblez 1 monstre face recto contrôlé par votre adversaire ; le nom du monstre devient ""Inconnu"". Annulez les effets ""Inconnu"" activés par votre adversaire."
ALIN-FR047,ALIN-047,FR,Monstre XYZ,"Chasma, Maître Dragon des Aurores",Lumière,Dragon,,effet,,"2 monstres Dragon de Niveau 7 (Effet Rapide) : vous pouvez envoyer 1 monstre ""Maître Dragon"" de Niveau 7 depuis votre Deck au Cimetière, et détachez 1 Matériel de cette carte ; cet effet devient l'effet du monstre envoyé qui se défausse pour l'activer. Si cette carte est détruite au combat, ou si cette carte en possession de son propriétaire est détruite par un effet de carte de l'adversaire : vous pouvez Invoquer Spécialement 1 monstre ""Maître Dragon"" de Niveau 7 depuis votre Cimetière ou bannissement. Vous ne pouvez utiliser chaque effet de ""Chasma, Maître Dragon des Aurores"" qu'une fois par tour."
ALIN-FR048,ALIN-048,FR,Monstre XYZ,"Eclipse, Maître Dragon des Catastrophes",Ténèbres,Dragon,,effet,,"2 monstres Dragon de Niveau 7 Si cette carte est Invoquée par Xyz : vous pouvez cibler 1 monstre ""Maître Dragon"" de max. Niveau 4 dans votre Cimetière ou bannissement ; Invoquez Spécialement 1 monstre ""Maître Dragon"" de Niveau/Rang 7 qui est mentionné sur le monstre ciblé depuis votre Deck ou bannissement, puis mélangez le monstre ciblé dans le Deck. Lorsque votre adversaire active une Carte Magie/Piège ou effet de Magie/Piège (Effet Rapide) : vous pouvez détacher 2 Matériels de cette carte ; annulez l'activation, et si vous le faites, bannissez la carte. Vous ne pouvez utiliser chaque effet de ""Eclipse, Maître Dragon des Catastrophes"" qu'une fois par tour."
ALIN-FR049,ALIN-049,FR,Monstre XYZ,"Disaster, Maître Dragon de Toutes les Apocalypses",Lumière,Dragon,,effet,,"2 monstres de Rang 7 Si cette carte est Invoquée par Xyz : vous pouvez cibler max. 4 monstres ""Maître Dragon"" de Niveau 7 dans votre Cimetière et/ou bannissement ; attachez-les à cette carte, puis vous pouvez bannir tous les monstres depuis le Terrain et Cimetière de votre adversaire d'un même Attribut que les Matériels de cette carte. Vous ne pouvez utiliser cet effet de ""Disaster, Maître Dragon de Toutes les Apocalypses"" qu'une fois par tour. Tant que cette carte a des monstres ""Maître Dragon"" LUMIÈRE, TÉNÈBRES, TERRE, EAU, FEU et VENT comme Matériel, elle gagne 4600 ATK/DEF, et aussi, elle n'est pas affectée par les effets d'autres cartes."
ALIN-FR050,ALIN-050,FR,Monstre XYZ,Sabresaure Fulminant,Feu,Dinosaure,,effet,,"2 monstres de Niveau 4 Vous pouvez détacher 1 Matériel de cette carte ; détruisez 1 monstre Dinosaure dans votre main ou Terrain face recto, puis vous pouvez changer la position de combat d'1 monstre sur le Terrain. Au début de la Damage Step, si votre autre monstre Dinosaure combat : vous pouvez détruire cette carte, et si vous le faites, le monstre Dinosaure gagne 2000 ATK jusqu'à la fin de la Battle Phase. Vous ne pouvez utiliser chaque effet de ""Sabresaure Fulminant"" qu'une fois par tour."
ALIN-FR051,ALIN-051,FR,Monstre Lien,Codeur Bavard Allié @Ignister,Ténèbres,Cyberse,,effet,,"3+ Monstres à Effet Si cette carte est Invoquée par Lien : vous pouvez Invoquer Spécialement autant de monstres Cyberse avec 2300 ATK depuis votre Cimetière que possible dans vos zones pointées par cette carte, et si vous le faites, cette carte gagne 500 ATK pour chacun d'eux, et aussi, vous ne pouvez pas Invoquer Spécialement le reste de ce tour. Lorsque votre adversaire active une carte ou un effet (Effet Rapide) : vous pouvez Sacrifier 1 de vos Monstres Lien pointés par cette carte ; annulez l'activation, et si vous le faites, bannissez la carte. Vous ne pouvez utiliser cet effet de ""Codeur Bavard Allié @Ignister"" qu'une fois par tour."
ALIN-FR052,ALIN-052,FR,Monstre Lien,Evil★Jumelle Ki-sikil Transaction,Lumière,Démon,,effet,,"1 monstre ""Ki-sikil"" Vous ne pouvez Invoquer par Lien ""Evil★Jumelle Ki-sikil Transaction"" qu'une fois par tour. Vous pouvez envoyer 1 monstre ""Lil-la"" depuis votre Deck ou Extra Deck au Cimetière ; ce tour, appliquez cet effet. ●Chaque fois que votre adversaire active une carte ou un effet en réponse à l'activation d'effet de votre monstre ""Ki-sikil"" ou ""Lil-la"", piochez 1 carte lorsque la carte/effet est résolu. Vous ne pouvez utiliser cet effet de ""Evil★Jumelle Ki-sikil Transaction"" qu'une fois par tour."
ALIN-FR053,ALIN-053,FR,Monstre Lien,"Dogurad, le Soldat de Pierre",Terre,Rocher,,effet,,"2+ monstres (un monstre Rocher inclus) Si cette carte est Invoquée Spécialement : vous pouvez cibler 1 monstre Rocher dans votre Cimetière ; cette carte gagne une ATK égale à l'ATK du monstre. Durant la Main Phase de votre adversaire (Effet Rapide) : vous pouvez cibler 1 autre monstre sur le Terrain avec une ATK inférieure ou égale à cette carte ; cette carte perd une ATK exactement égale à l'ATK du monstre, et si elle le fait, détruisez le monstre. Vous ne pouvez utiliser chaque effet de ""Dogurad, le Soldat de Pierre"" qu'une fois par tour."
ALIN-FR054,ALIN-054,FR,Magie,Connexion A.I.,,,,,,"Révélez 1 monstre Cyberse dans votre main ; appliquez cet effet selon son Attribut, et aussi, vous ne pouvez pas Invoquer Spécialement (monstres Cyberse exclus) le reste de ce tour après la résolution de cette carte. ●TÉNÈBRES : Invoquez Spécialement le monstre révélé, et si vous le faites, ajoutez 1 monstre non-TÉNÈBRES Cyberse de max. Niveau 4 depuis votre Deck à votre main. ●Autre : Mélangez le monstre révélé dans le Deck, et si vous le faites, ajoutez 1 monstre ""@Ignister"" d'Attribut différent depuis votre Deck à votre main. Vous ne pouvez activer qu'1 ""Connexion A.I."" par tour."
ALIN-FR055,ALIN-055,FR,Magie Terrain,Monde des Esprits,,,,,,"Lorsque cette carte est activée : vous pouvez ajouter 1 monstre qui mentionne ""Ancien Dragon Féerique"" depuis votre Deck à votre main. Vous ne pouvez activer les effets suivants que tant que vous contrôlez un Monstre Synchro LUMIÈRE Dragon de min. Niveau 7. Chaque fois qu'un ou plusieurs monstres sont Invoqués Spécialement en Position d'Attaque : changez-les en Position de Défense. Une fois par tour, durant la End Phase : détruisez tous les monstres en Position d'Attaque sur le Terrain du joueur du tour. Vous ne pouvez activer qu'1 ""Monde des Esprits"" par tour."
ALIN-FR056,ALIN-056,FR,Magie Jeu-Rapide,Flash Héraldique,,,,,,"Ciblez un nombre de votre choix de monstres face recto contrôlés par votre adversaire ; le nom de ces monstres devient ""Inconnu"". Durant votre End Phase, si vous contrôlez un Monstre Xyz Psychique et que cette carte est dans votre Cimetière : vous pouvez Poser cette carte, mais bannissez-la lorsqu'elle quitte le Terrain. Vous ne pouvez utiliser cet effet de ""Flash Héraldique"" qu'une fois par tour."
ALIN-FR057,ALIN-057,FR,Magie,Filia Diabell,,,,,,"Ajoutez 1 monstre ""Diabell"" de min. Niveau 8 depuis votre Deck à votre main, ou si uniquement votre adversaire contrôle un monstre, vous pouvez l'Invoquer Spécialement à la place. Si cette carte est bannie : vous pouvez faire gagner 500 ATK à tous les monstres ""Diabell"" que vous contrôlez actuellement. Vous ne pouvez utiliser chaque effet de ""Filia Diabell"" qu'une fois par tour."
ALIN-FR058,ALIN-058,FR,Magie Terrain,Sorcière de la Forêt Blanche,,,,,,"Lorsque cette carte est activée : vous pouvez ajouter 1 monstre ""Forêt Blanche"" depuis votre Deck à votre main, mais vous ne pouvez pas Invoquer Spécialement de monstres TÉNÈBRES depuis l'Extra Deck le reste de ce tour. La première fois que chaque monstre ""Forêt Blanche"" que vous contrôlez va être détruit au combat chaque tour, il n'est pas détruit. Vous pouvez cibler 1 monstre ""Forêt Blanche"" que vous contrôlez ; ce tour, il est traité comme Syntoniseur. Vous ne pouvez utiliser cet effet de ""Sorcière de la Forêt Blanche"" qu'une fois par tour. Vous ne pouvez activer qu'1 ""Sorcière de la Forêt Blanche"" par tour."
ALIN-FR059,ALIN-059,FR,Magie,Regenèse,,,,,,"Prenez 1 monstre ""Regenèse"" depuis votre Deck, et soit ajoutez-le à votre main soit envoyez-le au Cimetière, ou si vous contrôlez un monstre ""Regenèse"", vous pouvez ajouter 1 monstre avec 2500 ATK/DEF depuis votre Deck à votre main à la place. Si cette carte est dans votre Cimetière, sauf le tour où elle y a été envoyée : vous pouvez la bannir, puis ciblez 1 monstre ""Regenèse"" dans votre Cimetière ; Invoquez-le Spécialement. Vous ne pouvez utiliser chaque effet de ""Regenèse"" qu'une fois par tour."
ALIN-FR060,ALIN-060,FR,Magie Jeu-Rapide,Code de la Regenèse,,,,,,"Invoquez Spécialement 1 monstre ""Regenèse""""Regenèse"" depuis votre Deck (mais envoyez-le au Cimetière durant la End Phase de votre adversaire), et aussi, vous ne pouvez pas Invoquer Spécialement depuis l'Extra Deck jusqu'à la fin du prochain tour après la résolution de cette carte. Durant votre Main Phase, si cette carte est dans votre Cimetière, sauf le tour où elle y a été envoyée : vous pouvez la bannir, puis ciblez 1 de vos monstres ""Regenèse"" bannis ; Invoquez-le Spécialement. Vous ne pouvez utiliser chaque effet de ""Code de la Regenèse"" qu'une fois par tour."
ALIN-FR061,ALIN-061,FR,Magie Jeu-Rapide,Ici Sont des Dragons,,,,,,"Invoquez Spécialement 1 monstre ""Regenèse""""Maître Dragon"" depuis votre main, Cimetière ou bannissement, puis immédiatement après la résolution de cet effet, vous pouvez Invoquer par Xyz 1 Monstre Xyz ""Maître Dragon"" en utilisant uniquement des monstres ""Maître Dragon"" que vous contrôlez. Durant votre Main Phase : vous pouvez bannir cette carte depuis votre Cimetière, puis ciblez un nombre de votre choix de vos monstres ""Maître Dragon"" bannis d'Attributs différents ; renvoyez-les au Cimetière. Vous ne pouvez utiliser qu'1 effet de ""Ici Sont des Dragons"" par tour, et uniquement une fois le tour."
ALIN-FR062,ALIN-062,FR,Magie Jeu-Rapide,Argostars - Tueur de Géants,,,,,,"Ajoutez 1 monstre ""Regenèse""""Argostars"" depuis votre Deck à votre main, puis immédiatement après la résolution de cet effet, si un Piège Continu est dans votre Zone Monstre, ou qu'un Piège Continu avec un effet qui s'Invoque Spécialement comme monstre est dans votre Zone Magie & Piège, vous pouvez Invoquer Normalement 1 monstre Guerrier. Durant votre Main Phase : vous pouvez bannir cette carte depuis votre Cimetière, puis ciblez 2 cartes (un Piège Continu ""Argostars"" que vous contrôlez inclus) sur le Terrain ; renvoyez-les à la main. Vous ne pouvez utiliser qu'1 effet de ""Argostars - Tueur de Géants"" par tour, et uniquement une fois le tour."
ALIN-FR063,ALIN-063,FR,Magie Terrain,Transperdrement Matériacteur,,,,,,"Lorsque cette carte est activée : dévoilez les 6 cartes du dessus de votre Deck, puis placez-les au-dessus du Deck dans l'ordre de votre choix. Une fois par tour : vous pouvez payer 1500 LP ; Invoquez Spécialement 1 Monstre Xyz ""Matériacteur"" depuis votre Extra Deck en utilisant 1 Monstre Normal de Niveau 3 que vous contrôlez comme Matériel (ceci est traité comme Invocation Xyz), et aussi, vous ne pouvez pas Invoquer Spécialement (Monstres Xyz exclus) depuis l'Extra Deck le reste de ce tour. Si un Monstre Xyz est Invoqué par Xyz : vous pouvez attacher la carte du dessus de votre Deck à 1 Monstre Xyz ""Matériacteur"" que vous contrôlez."
ALIN-FR064,ALIN-064,FR,Magie Jeu-Rapide,Maliss dans le Miroir,,,,,,"Ciblez 1 monstre face recto contrôlé par votre adversaire ; bannissez 1 monstre ""Maliss"" depuis votre main ou Terrain face recto, et si vous le faites, annulez les effets du monstre jusqu'à la fin de ce tour. Si cette carte est bannie : vous pouvez cibler 1 carte ""Maliss"" dans votre Cimetière ; bannissez-la, et si vous le faites, ajoutez 1 carte ""Maliss"" du même type (Monstre, Magie ou Piège) depuis votre Deck à votre main. Vous ne pouvez utiliser chaque effet de ""Maliss dans le Miroir"" qu'une fois par tour."
ALIN-FR065,ALIN-065,FR,Magie Continue,Réanimateur des Crânes Serviteurs,,,,,,"Si votre ""Regenèse""""Roi des Crânes Serviteurs"" attaque un monstre en Position de Défense, infligez des dommages de combat perçants à votre adversaire. Une fois par tour : vous pouvez cibler 1 ""Crâne Serviteur"" ou ""Roi des Crânes Serviteurs"" dans votre Cimetière ; envoyez 1 ""Crâne Serviteur"" ou 1 monstre qui le mentionne depuis votre Deck au Cimetière, et si vous le faites, Invoquez Spécialement le monstre ciblé, et aussi, vous ne pouvez pas Invoquer Spécialement (monstres Zombie exclus) le reste de ce tour."
ALIN-FR066,ALIN-066,FR,Magie,Trancheur Gordien,,,,,,"L'activation et l'effet de cette carte ne peuvent pas être annulés. ""Regenèse""Au début de votre Main Phase 1 ou 2 : ciblez un nombre de votre choix de cartes face recto sur le Terrain ; pour chaque carte ciblée, bannissez face verso 1 carte depuis votre main ou 6 cartes depuis votre Extra Deck, puis renvoyez ces cartes ciblées à la main."
ALIN-FR067,ALIN-067,FR,Magie,Éléments Chaotiques,,,,,,"Ajoutez 1 monstre de min. Niveau 5 (LUMIÈRE ou TÉNÈBRES, Pyro ou Aqua) depuis votre Deck ou Cimetière à votre main, puis si vous avez min. 3 monstres Pyro et/ou Aqua dans votre Cimetière, vous pouvez détruire 1 carte sur le Terrain. ""Regenèse""Si votre adversaire contrôle un monstre (LUMIÈRE ou TÉNÈBRES, Pyro ou Aqua) : vous pouvez bannir cette carte depuis votre Cimetière, puis ciblez 1 monstre contrôlé par votre adversaire ; jusqu'à la End Phase, prenez-en le contrôle. Vous ne pouvez utiliser chaque effet de ""Éléments Chaotiques"" qu'une fois par tour."
ALIN-FR068,ALIN-068,FR,Magie Jeu-Rapide,Allons-Y Ensemble,,,,,,"Si vous n'avez aucun ""Allons-Y Ensemble"" dans votre Terrain face recto, Cimetière et bannissement : bannissez face verso 7 cartes du dessus de votre Deck ; faites bannir face verso à votre adversaire 7 cartes depuis son Extra Deck et/ou du dessus de son Deck, et il doit déclarer combien sont bannis de chaque à l'avance."
ALIN-FR069,ALIN-069,FR,Magie Jeu-Rapide,Coup des Sept Étoiles - Hagun Anéantisseur d'Armée,,,,,,"Ciblez 1 monstre face recto que vous contrôlez ; équipez-le avec 1 monstre de Niveau 7 du même Type mais de nom différent depuis votre main ou Deck comme Magie d'Équipement qui lui donne 700 ATK, mais renvoyez la Magie d'Équipement à la main durant la End Phase. Lorsqu'un monstre de min. Niveau/Rang 8 de votre adversaire est détruit au combat, tant que cette carte est dans votre Cimetière : vous pouvez ajouter cette carte à votre main. Vous ne pouvez activer qu'1 ""Coup des Sept Étoiles - Hagun Anéantisseur d'Armée"" par tour."
ALIN-FR070,ALIN-070,FR,Piège,PartenA.I.re,,,,,,"Ciblez un nombre de cartes face recto contrôlées par votre adversaire, égal au nombre de monstres Cyberse que vous contrôlez avec 2300 ATK d'origine ; jusqu'à la fin de ce tour, annulez leurs effets. Vous pouvez bannir cette carte depuis votre Cimetière, puis ciblez 1 de vos monstres Cyberse bannis ; Invoquez-le Spécialement. Vous ne pouvez utiliser chaque effet de ""PartenA.I.re"" qu'une fois par tour."
ALIN-FR071,ALIN-071,FR,Piège Continu,Ensoleillement Éternel,,,,,,"Les monstres que vous contrôlez gagnent 500 DEF pour chaque ""Regenèse""""Ancien Dragon Féerique"" et monstre qui le mentionne que vous contrôlez. Une fois par Chaîne : vous pouvez cibler 1 monstre face recto contrôlé par votre adversaire ; jusqu'à la fin de ce tour, son ATK/DEF seront divisées par deux, et aussi, ses effets sont annulés. Vous pouvez utiliser cet effet de ""Ensoleillement Éternel"" un nombre de fois par tour, inférieur ou égal au nombre de ""Ancien Dragon Féerique"" et monstres qui le mentionnent que vous contrôlez."
ALIN-FR072,ALIN-072,FR,Piège,Malédiction de Diabell,,,,,,"Si vous contrôlez min. ""Regenèse""2 monstres ""Diabell"" : envoyez 1 monstre que vous contrôlez au Cimetière ; détruisez toutes les cartes face recto contrôlées par votre adversaire. Si cette carte est envoyée au Cimetière ou bannie, depuis la main ou Deck : vous pouvez ajouter 1 Magie/Piège ""Diabell"" (""Malédiction de Diabell"" exclu) depuis votre Deck à votre main. Vous ne pouvez utiliser chaque effet de ""Malédiction de Diabell"" qu'une fois par tour."
ALIN-FR073,ALIN-073,FR,Piège Continu,Sanctification du Butin du Péché,,,,,,"Vous pouvez activer 1 de ces effets ; ●Ciblez 1 monstre ""Diabell"" dans votre Cimetière ou bannissement ; défaussez 1 carte, et si vous le faites, Invoquez Spécialement le monstre. ●Ciblez 1 Carte Monstre face recto dans votre Zone Magie & Piège ; Invoquez-la Spécialement. Vous ne pouvez utiliser cet effet de ""Malédiction de Diabell""""Sanctification du Butin du Péché"" qu'une fois par tour."
ALIN-FR074,ALIN-074,FR,Piège Continu,Naissance de la Regenèse,,,,,,"""Malédiction de Diabell""""Regenèse"" que possible de noms différents depuis votre main, Cimetière et/ou bannissement, mais envoyez-les au Cimetière durant la End Phase. Vous ne pouvez utiliser qu'1 effet de ""Naissance de la Regenèse"" par tour, et uniquement une fois le tour."
ALIN-FR075,ALIN-075,FR,Piège,Catapulte Électromagnétique Ryzéal,,,,,,"Appliquez l'effet suivant, puis vous pouvez attacher cette carte à un Monstre Xyz de Rang 4 que vous contrôlez. ●Le reste de ce tour, tous les monstres ""Regenèse""""Ryzéal"" que vous contrôlez gagnent 1000 ATK. Si cette carte est envoyée au Cimetière, sauf depuis le Terrain : vous pouvez cibler 1 carte dans le Cimetière de votre adversaire ; bannissez-la. Vous ne pouvez utiliser chaque effet de ""Malédiction de Diabell""""Catapulte Électromagnétique Ryzéal"" qu'une fois par tour."
ALIN-FR076,ALIN-076,FR,Piège Continu,Fin Ryu-Ge,,,,,,"Votre adversaire ne peut pas cibler de monstres ""Regenèse""""Ryu-Ge"" que vous contrôlez avec des effets de carte. Vous ne pouvez utiliser chacun des effets suivants de ""Fin Ryu-Ge"" qu'une fois par tour. Si un Monstre Pendule ""Ryu-Ge"" est dans votre Terrain ou Extra Deck face recto : vous pouvez mélanger 2 monstres ""Ryu-Ge"" depuis votre main, Cimetière et/ou bannissement dans le Main Deck, puis ciblez 1 monstre sur le Terrain ; détruisez-le. ""Malédiction de Diabell""Si cette carte est détruite : vous pouvez Poser 1 Piège non-Continu ""Ryu-Ge"" depuis votre Deck, Cimetière ou bannissement."
ALIN-FR077,ALIN-077,FR,Piège Continu,Surnalixir de la Glorieuse Terre d'Or,,,,,,"Vous pouvez payer 800 LP, puis activez 1 de ces effets ; ●Invoquez Spécialement cette carte comme Monstre Normal (Zombie/LUMIÈRE/Niveau 10/ATK 1500/DEF 2800) (cette carte est toujours aussi un Piège), puis si vous contrôlez ""Malédiction de Diabell""""Surnaliche le Seigneur d'Or"", vous pouvez renvoyer 1 monstre depuis le Terrain à la main. ●Posez 1 de vos Magies/Pièges ""Terre d'Or"" ou ""Surnalixir"" bannis. Vous ne pouvez utiliser cet effet de ""Surnalixir de la Glorieuse Terre d'Or"" qu'une fois par tour."
ALIN-FR078,ALIN-078,FR,Piège,Chants des Dominateurs,,,,,,"Si vous n'avez aucun monstre dans votre Cimetière, vous pouvez activer cette carte depuis votre main. ""Regenèse""Lorsque votre adversaire active un effet de monstre sur le Terrain : annulez l'effet, puis si vous avez un Piège dans votre Cimetière, vous pouvez ajouter 1 carte ""Malédiction de Diabell""""Dominus"" depuis votre Deck à votre main. Si vous avez activé cette carte depuis votre main, vous ne pouvez pas activer les effets des monstres dans votre main, Cimetière et bannissement jusqu'à la fin du prochain tour. Vous ne pouvez activer qu'1 ""Chants des Dominateurs"" par tour."
ALIN-FR079,ALIN-079,FR,Contre-Piège,Mentalité du Dragon,,,,,,"Lorsqu'une Carte Magie/Piège ou un effet de monstre est activé tant que vous contrôlez un monstre avec 2500 ATK ou DEF d'origine : annulez l'activation, et si vous le faites, détruisez la carte. ""Malédiction de Diabell""Si cette carte est dans votre Cimetière : vous pouvez payer 2500 LP ; Posez cette carte, mais bannissez-la lorsqu'elle quitte le Terrain. Vous ne pouvez utiliser chaque effet de ""Mentalité du Dragon"" qu'une fois par tour."
ALIN-FR080,ALIN-080,FR,Piège,Enlèvement,,,,,,"Ciblez 1 monstre face recto contrôlé par votre adversaire ; bannissez 1 monstre depuis votre Deck ou Extra Deck du même Type, Attribut et Niveau/Rang/Classification Lien d'origine, et si vous le faites, prenez le contrôle du monstre ciblé, et si vous avez banni un monstre du même nom d'origine, les effets du monstre sont annulés. Vous ne pouvez activer qu'1 ""Malédiction de Diabell""""Enlèvement"" par tour."
ALIN-FR081,ALIN-081,FR,Monstre à effet,Ange de l'Aube Kambi,Lumière,Elfe,,Effet,,"Si vous ne contrôlez aucun monstre, ou si tous les monstres que vous contrôlez sont des monstres Elfe : vous pouvez Invoquer Spécialement cette carte depuis votre main. ""Malédiction de Diabell""Vous pouvez Sacrifier un nombre de votre choix de monstres Elfe (cette carte incluse) ; Invoquez Spécialement 1 monstre Elfe depuis votre Deck dont le Niveau est égal au Niveau total que ces monstres avaient sur le Terrain. Vous ne pouvez pas Invoquer Spécialement (monstres Elfe exclus) le tour où vous activez cet effet. Vous ne pouvez utiliser chaque effet de ""Ange de l'Aube Kambi"" qu'une fois par tour."
ALIN-FR082,ALIN-082,FR,Monstre à effet,Hrimnir la Disciple Divine,Lumière,Elfe,,Effet,,"Vous pouvez Sacrifier 3 monstres Elfe depuis votre main et/ou Terrain ; Posez 1 Magie Continue depuis votre Deck, mais envoyez-la au Cimetière durant la End Phase de votre adversaire. ""Malédiction de Diabell""Si cette carte est envoyée au Cimetière par un effet de carte : vous pouvez Invoquer Spécialement cette carte, mais bannissez-la lorsqu'elle quitte le Terrain. Vous ne pouvez utiliser chaque effet de ""Hrimnir la Disciple Divine"" qu'une fois par tour."
ALIN-FR083,ALIN-083,FR,Magie Continue,Bénédiction de Vingólf,,,,,,"Lorsque cette carte est activée : vous pouvez envoyer 1 monstre LUMIÈRE Elfe depuis votre Deck au Cimetière. Les monstres Elfe que vous contrôlez gagnent 100 ATK pour chaque monstre Elfe dans votre Terrain et Cimetière. ""Malédiction de Diabell""Si cette carte est envoyée au Cimetière : vous pouvez cibler 1 monstre Elfe de max. Niveau 4 dans votre Cimetière ; Invoquez-le Spécialement. Vous ne pouvez utiliser cet effet de ""Bénédiction de Vingólf"" qu'une fois par tour. Vous ne pouvez activer qu'1 ""Bénédiction de Vingólf"" par tour."
ALIN-FR084,ALIN-084,FR,Monstre à effet,Banc d'Aspis,Eau,Poisson,,Effet,,"Lorsque cette carte est Invoquée Normalement : vous pouvez Invoquer Spécialement 1 monstre Poisson de max. Niveau 6 depuis votre main en Position de Défense, mais bannissez-le lorsqu'il quitte le Terrain. ""Malédiction de Diabell""Si cette carte est bannie : vous pouvez Invoquer Spécialement cette carte en Position de Défense. Vous ne pouvez utiliser cet effet de ""Banc d'Aspis"" qu'une fois par tour."
ALIN-FR085,ALIN-085,FR,Monstre Synchronique,Poisson-Coffre Toxique,Eau,Poisson,,Effet,,"1 Syntoniseur + 1+ monstre non-Syntoniseur ""Malédiction de Diabell""Si cette carte est Invoquée par Synchronisation : vous pouvez cibler 1 carte dans l'un des Cimetières ; bannissez-la. Si cette carte est bannie : vous pouvez cibler 1 carte face recto contrôlée par votre adversaire ; jusqu'à la fin de ce tour, annulez ses effets. Vous ne pouvez utiliser chaque effet de ""Poisson-Coffre Toxique"" qu'une fois par tour."
ALIN-FR086,ALIN-086,FR,Magie,Poisson et Offres,,,,,,"Au début de votre Main Phase 1 : ""Malédiction de Diabell""bannissez 1 carte depuis votre main ; votre adversaire peut bannir 2 cartes depuis sa main, s'il ne le fait pas, vous appliquez cet effet. ●Prenez 2 monstres Poisson depuis votre Deck, et soit bannissez-les tous les deux soit envoyez-les tous les deux au Cimetière, et aussi, vous ne pouvez pas Invoquer Spécialement (monstres Poisson exclus) le reste de ce tour."
ALIN-FR087,ALIN-087,FR,Monstre à effet,Réplicarte NAD,Ténèbres,Cyberse,,Effet,,"Vous pouvez bannir 1 autre monstre de min. ""Regenèse""Niveau 7 depuis votre main ; Invoquez Spécialement cette carte depuis votre main. ""Malédiction de Diabell""Vous pouvez cibler 1 monstre face recto que vous contrôlez ; Invoquez Spécialement 1 monstre depuis votre Deck de nom différent qui a min. 2 mêmes Niveau, ATK et/ou DEF, mais il ne peut pas activer ses effets ce tour. Vous ne pouvez utiliser chaque effet de ""Réplicarte NAD"" qu'une fois par tour."
ALIN-FR088,ALIN-088,FR,Monstre XYZ,Sakra Vendirage,Ténèbres,Psychique,,Effet,,"2 monstres de Niveau 4 ""Malédiction de Diabell""Vous pouvez détacher 1 Matériel de cette carte, puis ciblez 1 monstre Psychique de Niveau/Rang 4 (""Sakra Vendirage"" exclu) dans votre Cimetière ; Invoquez-le Spécialement. Si un ou plusieurs monstres sont Invoqués Spécialement, tant que cette carte est dans votre Zone Monstre (sauf durant la Damage Step) : vous pouvez cibler 1 autre monstre face recto sur le Terrain ; jusqu'à la End Phase, le nom du monstre devient ""Sakra Vendirage"". Vous ne pouvez utiliser chaque effet de ""Sakra Vendirage"" qu'une fois par tour."
ALIN-FR089,ALIN-089,FR,Piège Continu,Paix Tiki,,,,,,"Invoquez Spécialement cette carte comme Monstre à Effet (Rocher/TERRE/Niveau 4/ATK 1800/DEF 1800) avec l'effet suivant (cette carte est toujours aussi un Piège). ●""Regenèse""(Effet Rapide) : ""Malédiction de Diabell""vous pouvez payer 800 LP ; Invoquez Spécialement 1 Piège Continu (""Paix Tiki"" exclu) depuis votre Cimetière ou bannissement comme Monstre Normal (Rocher/TERRE/Niveau 4/ATK 1000/DEF 1000) et son nom devient ""Paix Tiki"" (même tant qu'il est face verso) (la carte N'EST PAS traitée comme Piège). Vous ne pouvez utiliser cet effet de ""Paix Tiki"" qu'une fois par tour."
ALIN-FR090,ALIN-090,FR,Monstre à effet,"Mitsurugi no Mikoto, Aramasa",Ténèbres,Reptile,,Effet,,"Si cette carte est Invoquée Normalement ou Spécialement, ou si cette carte est Sacrifiée : vous pouvez ajouter 1 monstre ""Malédiction de Diabell""""Mitsurugi"" (""Mitsurugi no Mikoto, Aramasa"" exclu) depuis votre Deck à votre main. Si un ou plusieurs autres monstres Reptile que vous contrôlez vont être détruits au combat ou par un effet de carte, vous pouvez Sacrifier cette carte à la place. Vous ne pouvez utiliser chaque effet de ""Mitsurugi no Mikoto, Aramasa"" qu'une fois par tour."
ALIN-FR091,ALIN-091,FR,Monstre à effet,"Mitsurugi no Miko, Wousu",Ténèbres,Reptile,,Effet,,"Vous pouvez Invoquer Spécialement cette carte (depuis votre main) en Sacrifiant 1 autre monstre Reptile depuis votre main et 1 monstre contrôlé par votre adversaire, mais vous ne pouvez ni Invoquer Spécialement (monstres Reptile exclus) ni activer d'effets de monstre (monstres Reptile exclus) le reste de ce tour. Vous ne pouvez Invoquer Spécialement ""Regenèse""""Mitsurugi no Miko, Wousu"" qu'une fois par tour de cette façon. Si cette carte est Sacrifiée : vous pouvez défausser 1 carte, et si vous le faites, ajoutez cette carte à votre main. Vous ne pouvez utiliser cet effet de ""Malédiction de Diabell""""Mitsurugi no Mikoto, Aramasa""""Mitsurugi no Miko, Wousu"" qu'une fois par tour."
ALIN-FR092,ALIN-092,FR,Monstre Rituel,Ame no Habakiri no Mitsurugi,Ténèbres,Reptile,,Effet,,"Vous pouvez Invoquer Rituellement cette carte avec ""Regenèse""""Rituel Mitsurugi"". Les monstres contrôlés par votre adversaire perdent 800 ATK. Vous pouvez révéler cette carte dans votre main ; Invoquez Spécialement 1 monstre ""Malédiction de Diabell""""Mitsurugi no Mikoto, Aramasa""""Mitsurugi"" depuis votre Deck, puis Sacrifiez 1 monstre que vous contrôlez. Vous ne pouvez utiliser cet effet de ""Ame no Habakiri no Mitsurugi"" qu'une fois par Duel. Si cette carte est Sacrifiée : vous pouvez ajouter 1 carte ""Mitsurugi"" (""Ame no Habakiri no Mitsurugi"" exclu) depuis votre Deck à votre main, puis vous pouvez Invoquer Spécialement cette carte. Vous ne pouvez utiliser cet effet de ""Ame no Habakiri no Mitsurugi"" qu'une fois par tour."
ALIN-FR093,ALIN-093,FR,Magie Rituel,Miroir Mitsurugi,,,,,,"Cette carte peut être utilisée pour Invoquer Rituellement un Monstre Rituel Reptile depuis votre main ou Cimetière. Vous devez aussi Sacrifier des monstres Reptile depuis votre main ou Terrain dont le Niveau total est supérieur ou égal au Niveau du Monstre Rituel. ""Regenèse""Si ""Ame no Murakumo no Mitsurugi"", ""Futsu no Mitama no Mitsurugi"" ou ""Ame no Habakiri no Mitsurugi"" que vous contrôlez est Sacrifié, tant que cette carte est dans votre Cimetière : vous pouvez mélanger cette carte dans le Deck. Vous ne pouvez utiliser chaque effet de ""Malédiction de Diabell""""Mitsurugi no Mikoto, Aramasa""""Miroir Mitsurugi"" qu'une fois par tour."
ALIN-FR094,ALIN-094,FR,Magie Jeu-Rapide,Magatama Mitsurugi,,,,,,"Durant la Main Phase : ""Malédiction de Diabell""""Mitsurugi no Mikoto, Aramasa""activez 1 de ces effets ; ●Sacrifiez 1 monstre Reptile, puis ciblez 1 carte face recto contrôlée par votre adversaire ; détruisez-la. ●Invoquez Rituellement 1 Monstre Rituel ""Mitsurugi"" depuis votre main, en Sacrifiant des monstres que vous contrôlez dont le Niveau total est supérieur ou égal à son Niveau. Vous ne pouvez activer qu'1 ""Magatama Mitsurugi"" par tour."
ALIN-FR095,ALIN-095,FR,Magie Continue,Limite Sacrée Mitsurugi,,,,,,"Votre adversaire ne peut pas cibler de Monstres Rituels ""Regenèse""""Mitsurugi"" que vous contrôlez avec les effets des monstres qui ont été Invoqués Spécialement depuis l'Extra Deck. Vous pouvez cibler 4 cartes ""Mitsurugi"" (""Limite Sacrée Mitsurugi"" exclu) dans votre Cimetière ; mélangez-les dans le Deck, puis si votre adversaire contrôle un monstre, faites-lui Sacrifier 1 monstre qu'il contrôle (son choix). Vous ne pouvez utiliser cet effet de ""Malédiction de Diabell""""Mitsurugi no Mikoto, Aramasa""""Limite Sacrée Mitsurugi"" qu'une fois par tour."
ALIN-FR096,ALIN-096,FR,Piège,Tempête Mitsurugi,,,,,,"Si vous avez une Magie Rituelle ""Mitsurugi"" dans votre Cimetière : ""Malédiction de Diabell""""Mitsurugi no Mikoto, Aramasa""Sacrifiez 3 monstres dont les noms d'origine sont ""Ame no Murakumo no Mitsurugi"", ""Futsu no Mitama no Mitsurugi"" et ""Ame no Habakiri no Mitsurugi"" ; faites bannir à votre adversaire exactement 8 cartes depuis sa main, Extra Deck, Terrain et/ou Cimetière. Vous ne pouvez activer qu'1 ""Tempête Mitsurugi"" par tour."
ALIN-FR097,ALIN-097,FR,Monstre Normal,Dipité,Lumière,Démon,,Normal,,"Une mignonne petite chose vivant dans une bouteille en verre et dont on dit qu'elle porte chance à celui qui passe un contrat avec elle. Cependant, quoi qu'il arrive, le bouchon ne doit jamais être ouvert..."
ALIN-FR098,ALIN-098,FR,Monstre à effet,Épieuvre de Maïs Géante,Terre,Plante,,Effet,,"Lorsqu'un monstre de l'adversaire déclare une attaque : vous pouvez Invoquer Spécialement cette carte depuis votre main en Position de Défense, et si vous le faites, transférez la cible de l'attaque sur cette carte et faites le calcul des dommages. Vous pouvez cibler 1 monstre Plante que vous contrôlez (""Épieuvre de Maïs Géante"" exclu) ; l'ATK du monstre et de cette carte devient la somme des ATK d'origine des deux monstres. Vous ne pouvez utiliser chaque effet de ""Épieuvre de Maïs Géante"" qu'une fois par tour."
ALIN-FR099,ALIN-099,FR,Monstre à effet,Zereort Migrateur,Eau,Bête-Ailée,,Effet,,"Si un Monstre Xyz EAU est sur le Terrain : vous pouvez Invoquer Spécialement cette carte depuis votre main. Durant votre Main Phase : vous pouvez détacher 1 Matériel d'un monstre que vous contrôlez, puis vous pouvez Invoquer Spécialement 1 monstre EAU de Niveau 3 ou 4 depuis votre main ou Cimetière, mais ses effets sont annulés, et aussi, il peut être traité comme monstre de Niveau 5 ce tour, s'il est utilisé pour l'Invocation Xyz d'un monstre EAU. Vous ne pouvez utiliser chaque effet de ""Zereort Migrateur"" qu'une fois par tour."
ALIN-FR100,ALIN-100,FR,Monstre à effet,Dragolithia Kunzite,Terre,Dragon,,Effet,,"Si cette carte est dans votre main : vous pouvez envoyer 1 Monstre Normal de min. Niveau 7 depuis votre main ou Deck au Cimetière, et si vous le faites, Invoquez Spécialement cette carte. Vous pouvez bannir cette carte depuis votre Cimetière, puis ciblez 1 Monstre Normal dans votre Cimetière ; Invoquez-le Spécialement en Position de Défense. Vous ne pouvez utiliser qu'1 effet de ""Dragolithia Kunzite"" par tour, et uniquement une fois le tour."
ALIN-FRSP1,ALIN-SP1,FR,monstre à effet,Archdémon de la Regenèse,Terre,Démon,,effet,,", , , ,"
ADC1-001,ADC1-001,EN,Monstre Normal,Magicien Sombre,Ténèbres,Magicien,,Normal,,Mage suprême en termes d'attaque et de défense.